{"train_loss": [1.0494232386795443, 0.7871588610891086, 0.73198871826058, 0.7057028070314607, 0.6846640403590986, 0.6677781476903317, 0.6526954856826298, 0.6465526538998333, 0.6326873653860234, 0.6229193484160438, 0.6167622030670963, 0.6122430736449227, 0.6025035076621753, 0.5981106019731778, 0.5912124679159763, 0.5880374118908128, 0.5807340236297295, 0.5762024524051752, 0.5758416056632996, 0.5706283123190723, 0.5640521318610034, 0.5602966511427466, 0.5560805297164775, 0.5461371974713767, 0.5462924938148527, 0.5431260789063439, 0.5402641374228606, 0.535091467090507, 0.531020466516267, 0.5313374128804278, 0.5239087910349689, 0.5205843239577849, 0.5166291218640199, 0.5123138621227065, 0.49967694304772275, 0.49983145941549273, 0.4972550157290786, 0.4988659666990166, 0.4955865665158229, 0.4956438968430704, 0.4970990668481855, 0.4952358143098319, 0.494780579387252, 0.49370016891564894, 0.49317154933267565, 0.49213355646204593, 0.49428533573648825, 0.49121646471877595, 0.49143519397102187, 0.4929026576565273, 0.49206242209939816, 0.492376907547908, 0.49220463255448127, 0.4905177699540978, 0.49205502534090584, 0.49052766143386045, 0.4928317666053772, 0.49138374938004054, 0.49147710181883913, 0.49299734297083386, 0.49301334414909137, 0.4932335359391882, 0.4915821487779048, 0.49195871335356983, 0.4905377054837213, 0.49312649378136025, 0.49305828449441425, 0.49114780950902115, 0.49109886586666107, 0.4918847110734057, 0.4925254160788522], "val_loss": [1.0494232386795443, 0.7871588610891083, 0.7319887182605802, 0.7057028070314607, 0.6846640403590988, 0.6677781476903314, 0.6526954856826302, 0.646552653899833, 0.6326873653860229, 0.6229193484160439, 0.6167622030670966, 0.6122430736449226, 0.6025035076621752, 0.5981106019731779, 0.5912124679159766, 0.5880374118908128, 0.5807340236297296, 0.5762024524051754, 0.5758416056632996, 0.5706283123190725, 0.5640521318610037, 0.5602966511427464, 0.5560805297164779, 0.5461371974713767, 0.5462924938148529, 0.5431260789063438, 0.5402641374228606, 0.5350914670905067, 0.5310204665162671, 0.5313374128804277, 0.5239087910349691, 0.5205843239577846, 0.5166291218640199, 0.5123138621227065, 0.4996769430477227, 0.4998314594154928, 0.4972550157290789, 0.4988659666990165, 0.49558656651582256, 0.4956438968430704, 0.4970990668481857, 0.4952358143098317, 0.49478057938725195, 0.4937001689156486, 0.4931715493326757, 0.49213355646204576, 0.4942853357364885, 0.49121646471877556, 0.49143519397102164, 0.4929026576565273, 0.492062422099398, 0.49237690754790764, 0.4922046325544811, 0.4905177699540977, 0.49205502534090556, 0.4905276614338605, 0.4928317666053772, 0.4913837493800402, 0.4914771018188392, 0.4929973429708343, 0.49301334414909104, 0.4932335359391883, 0.49158214877790474, 0.4919587133535699, 0.4905377054837211, 0.4931264937813604, 0.4930582844944138, 0.49114780950902126, 0.49109886586666107, 0.4918847110734055, 0.49252541607885203], "map": [0.5101784079022096, 0.5156670455451604, 0.5513958280959237, 0.557174747886001, 0.5927702835197184, 0.5583048856894175, 0.559547011863708, 0.5993148573619645, 0.5975061763066867, 0.5998849001000937, 0.6015509231129721, 0.602952781790107, 0.603178006317207, 0.6038257751546157, 0.6035248572295884, 0.6059012628798692, 0.6056632658036702, 0.6073203160850511, 0.6073678222139457, 0.6059455778428154, 0.6075464503122276, 0.6066710043979631, 0.6434595262642917, 0.608794834524757, 0.6448494025766541, 0.608021572534042, 0.6447860202280763, 0.6466662780064839, 0.6087992054872424, 0.6482575152765164, 0.6476585514769646, 0.6085535909337528, 0.6480279979697658, 0.6478528656504634, 0.6485256788532032, 0.6488978385078215, 0.6492285678839174, 0.6486896227390218, 0.648787402841156, 0.6489974070308151, 0.6493273278079463, 0.6492536898237254, 0.6489872050010579, 0.6487208920155405, 0.6485875540375045, 0.6489493114519582, 0.6487394161944224, 0.6488801219771072, 0.6491627118575148, 0.6491398134634144, 0.6490378704926392, 0.6489991751293618, 0.6489792924306678, 0.648865791866168, 0.6488819879491388, 0.6488890125881768, 0.6488748589093638, 0.6488997290812604, 0.6488875033793525, 0.6488728708518885, 0.6489020344879947, 0.6488848023008918, 0.6488651034061741, 0.6488897749476519, 0.6488791677699883, 0.6489452533065615, 0.6489301826166913, 0.6489253995901489, 0.6489242196902116, 0.6488729497786734, 0.6488897187548845], "f1_score": [0.6447546570801626, 0.6617049449796814, 0.6711761457758145, 0.6858453773801331, 0.6899111151837257, 0.6871589668970535, 0.6959784050876149, 0.7045914466879525, 0.7021238462227799, 0.7054060066740823, 0.7081834532374099, 0.7135783400717758, 0.7161832474925454, 0.717194059495328, 0.7198056767576807, 0.7235479513732552, 0.724092499204943, 0.7254599836853077, 0.7280289330922243, 0.7230584541508911, 0.7311915781831382, 0.7218214607754735, 0.7294422595638184, 0.7338536060279871, 0.7324586934133345, 0.7321412362712173, 0.7296331478717148, 0.7368325955370855, 0.7355315981776354, 0.7368610349323382, 0.7383806425738603, 0.7342146538203003, 0.7373064458048253, 0.7361510791366906, 0.7394625685270064, 0.740267913332734, 0.7407073258751353, 0.7389446218903234, 0.7398895821176893, 0.7397582725997013, 0.7406373784659704, 0.7407707545470915, 0.7414625343979789, 0.7404397489728657, 0.7399558100734996, 0.740374235336452, 0.7394435941298281, 0.7400801693464847, 0.7402977020281513, 0.740360822423179, 0.7399837940037814, 0.7402737752161382, 0.7399900914290861, 0.7397297297297297, 0.7397297297297297, 0.7396396396396396, 0.7396964100716183, 0.7396964100716183, 0.7397864961037792, 0.7397864961037792, 0.7397864961037792, 0.7398432573642013, 0.7397531753896045, 0.7397864961037792, 0.7398198198198198, 0.7399666681681006, 0.7397864961037792, 0.7397864961037792, 0.7399666681681006, 0.7396964100716183, 0.7397864961037792], "learning_rate": [0.001, 0.001, 0.001, 0.001, 0.001, 0.001, 0.001, 0.001, 0.001, 0.001, 0.001, 0.001, 0.001, 0.001, 0.001, 0.001, 0.001, 0.001, 0.001, 0.001, 0.001, 0.001, 0.001, 0.001, 0.001, 0.001, 0.001, 0.001, 0.001, 0.001, 0.001, 0.001, 0.001, 0.001, 0.0001, 0.0001, 0.0001, 0.0001, 0.0001, 0.0001, 0.0001, 0.0001, 0.0001, 0.0001, 0.0001, 1e-05, 1e-05, 1e-05, 1e-05, 1.0000000000000002e-06, 1.0000000000000002e-06, 1.0000000000000002e-06, 1.0000000000000002e-06, 1.0000000000000002e-07, 1.0000000000000002e-07, 1.0000000000000002e-07, 1.0000000000000002e-07, 1.0000000000000004e-08, 1.0000000000000004e-08, 1.0000000000000004e-08, 1.0000000000000004e-08, 1.0000000000000004e-08, 1.0000000000000004e-08, 1.0000000000000004e-08, 1.0000000000000004e-08, 1.0000000000000004e-08, 1.0000000000000004e-08, 1.0000000000000004e-08, 1.0000000000000004e-08, 1.0000000000000004e-08, 1.0000000000000004e-08]}