{"train_loss": [1.3950763291387416, 1.1380778097394686, 1.096455112322053, 1.0694954955755775, 1.0538327502670572, 1.037785497619145, 1.0285587070593194, 1.0212722011466524, 1.01178553655966, 0.9994341570939591, 0.9954370794011586, 0.9856528008162085, 0.9801188925308968, 0.9788108161136285, 0.9700583486414668, 0.9638628172340677, 0.9513594610477561, 0.9493612629264149, 0.9490583743622054, 0.9485561389531663, 0.9478867285287202, 0.9468975173893259, 0.9467865895869126, 0.9460724965849919, 0.9453220896756471, 0.9431322679590823, 0.9437655148221485, 0.9442854296805253, 0.9442890286445618, 0.9432089480001535, 0.9431307529335591], "val_loss": [1.395076329138741, 1.1380778097394688, 1.0964551123220536, 1.0694954955755775, 1.0538327502670564, 1.0377854976191447, 1.028558707059319, 1.021272201146652, 1.01178553655966, 0.9994341570939584, 0.9954370794011592, 0.9856528008162084, 0.9801188925308966, 0.9788108161136291, 0.9700583486414665, 0.9638628172340669, 0.9513594610477556, 0.9493612629264154, 0.9490583743622059, 0.9485561389531656, 0.9478867285287196, 0.946897517389325, 0.946786589586913, 0.9460724965849925, 0.9453220896756465, 0.9431322679590826, 0.9437655148221493, 0.9442854296805256, 0.9442890286445618, 0.9432089480001542, 0.9431307529335591], "map": [0.3852373255011651, 0.4647061741741032, 0.5065182493796369, 0.47188731409982904, 0.514335725507947, 0.5153426706005919, 0.44062509826843055, 0.5180040158555955, 0.5186519219002835, 0.5190774359127962, 0.5197028891370525, 0.5585657227853716, 0.5584702385460274, 0.5227119693170764, 0.5227199066578669, 0.5236141534668968, 0.5609079329535791, 0.5609656805881427, 0.5614091058012636, 0.5609467074968241, 0.5616601752128088, 0.5613023901486959, 0.5612884168883231, 0.5616904513835738, 0.5610565850509459, 0.5613527237224576, 0.5615441026385659, 0.5613822502713379, 0.5615761616198678, 0.5614369329512616, 0.5614192180837116], "f1_score": [0.547699336451648, 0.6170963631016567, 0.638188518231187, 0.6200309757356738, 0.6536911432222551, 0.6681310285550568, 0.6324661048002932, 0.664441390143334, 0.664306088324973, 0.6748251748251749, 0.6796407185628743, 0.6926947446887811, 0.6900640719135508, 0.6875663161956207, 0.6882241722014836, 0.6748802873104549, 0.69531062892178, 0.6977407847800239, 0.6977032898820609, 0.6928685239727681, 0.6947247045257998, 0.6974030321870964, 0.6967248386325603, 0.696010345323052, 0.6980548818186142, 0.6981168148360578, 0.69791218766423, 0.6980762804907155, 0.6980609418282547, 0.6982960240561309, 0.6983960282604544], "learning_rate": [0.001, 0.001, 0.001, 0.001, 0.001, 0.001, 0.001, 0.001, 0.001, 0.001, 0.001, 0.001, 0.001, 0.001, 0.001, 0.001, 0.0001, 0.0001, 0.0001, 0.0001, 0.0001, 0.0001, 0.0001, 0.0001, 0.0001, 1e-05, 1e-05, 1e-05, 1e-05, 1.0000000000000002e-06, 1.0000000000000002e-06]}