mAP_iou0.5_conf0.3,F1_iou0.5_conf0.3,mAP_iou0.75_conf0.3,F1_iou0.75_conf0.3,mAP_iou0.5_conf0.5,F1_iou0.5_conf0.5,mAP_iou0.75_conf0.5,F1_iou0.75_conf0.5,mAP_iou0.5_conf0.7,F1_iou0.5_conf0.7,mAP_iou0.75_conf0.7,F1_iou0.75_conf0.7,total_unripe,total_ripe,detected_unripe,detected_ripe,detection_rate_unripe,detection_rate_ripe,fold,n_images,evaluation_time
0.600721125351497,0.7161108804944422,0.23588596212278895,0.3207416632074166,0.600721125351497,0.7228142978402338,0.23588596212278895,0.32585117419598225,0.564673974390642,0.7222331433064675,0.23588596212278895,0.3320228032239041,3684,7679,2688,7155,0.7296416938110749,0.9317619481703346,1,134,26.346006631851196
0.597309780709752,0.70538126860545,0.2294953980796408,0.30895351499885504,0.597309780709752,0.7117658097203978,0.2294953980796408,0.3136610996434603,0.5617507242625631,0.7106385063948645,0.21609712227123148,0.3186161611211839,4296,7221,2997,6802,0.6976256983240223,0.9419747957346628,2,134,25.72294282913208
0.5993538885386401,0.7123994403637636,0.2517824861249404,0.34207764952780695,0.5993538885386401,0.7188659839914144,0.2517824861249404,0.34735947770871534,0.5639663259865133,0.7172452407614782,0.2517824861249404,0.35349010824934674,4087,7757,2856,7663,0.6988010765842917,0.9878819131107387,3,134,25.168697118759155
0.6414217680313861,0.723390922925432,0.2556368416264074,0.3415092650613195,0.6414217680313861,0.7284350883601991,0.2556368416264074,0.346043198319558,0.5677023805666513,0.7259942034494228,0.2556368416264074,0.35235425476314913,3757,7962,2741,7439,0.7295714665956881,0.9343129866867621,4,134,25.601690769195557
0.5963872596467492,0.704484892281288,0.2312189421169153,0.31380696445508327,0.5963872596467492,0.7105129741438908,0.2312189421169153,0.3180163156196709,0.5614177355902066,0.7092219020172911,0.21740329141031334,0.32247838616714697,3930,7703,2792,7272,0.7104325699745547,0.9440477735947034,5,134,27.430063486099243
