{
  "fold_results": [
    {
      "mAP_iou0.5_conf0.3": 0.600721125351497,
      "F1_iou0.5_conf0.3": 0.7161108804944422,
      "mAP_iou0.75_conf0.3": 0.23588596212278895,
      "F1_iou0.75_conf0.3": 0.3207416632074166,
      "mAP_iou0.5_conf0.5": 0.600721125351497,
      "F1_iou0.5_conf0.5": 0.7228142978402338,
      "mAP_iou0.75_conf0.5": 0.23588596212278895,
      "F1_iou0.75_conf0.5": 0.32585117419598225,
      "mAP_iou0.5_conf0.7": 0.564673974390642,
      "F1_iou0.5_conf0.7": 0.7222331433064675,
      "mAP_iou0.75_conf0.7": 0.23588596212278895,
      "F1_iou0.75_conf0.7": 0.3320228032239041,
      "total_unripe": 3684,
      "total_ripe": 7679,
      "detected_unripe": 2688,
      "detected_ripe": 7155,
      "detection_rate_unripe": 0.7296416938110749,
      "detection_rate_ripe": 0.9317619481703346,
      "fold": 1,
      "n_images": 134,
      "evaluation_time": 26.346006631851196
    },
    {
      "mAP_iou0.5_conf0.3": 0.597309780709752,
      "F1_iou0.5_conf0.3": 0.70538126860545,
      "mAP_iou0.75_conf0.3": 0.2294953980796408,
      "F1_iou0.75_conf0.3": 0.30895351499885504,
      "mAP_iou0.5_conf0.5": 0.597309780709752,
      "F1_iou0.5_conf0.5": 0.7117658097203978,
      "mAP_iou0.75_conf0.5": 0.2294953980796408,
      "F1_iou0.75_conf0.5": 0.3136610996434603,
      "mAP_iou0.5_conf0.7": 0.5617507242625631,
      "F1_iou0.5_conf0.7": 0.7106385063948645,
      "mAP_iou0.75_conf0.7": 0.21609712227123148,
      "F1_iou0.75_conf0.7": 0.3186161611211839,
      "total_unripe": 4296,
      "total_ripe": 7221,
      "detected_unripe": 2997,
      "detected_ripe": 6802,
      "detection_rate_unripe": 0.6976256983240223,
      "detection_rate_ripe": 0.9419747957346628,
      "fold": 2,
      "n_images": 134,
      "evaluation_time": 25.72294282913208
    },
    {
      "mAP_iou0.5_conf0.3": 0.5993538885386401,
      "F1_iou0.5_conf0.3": 0.7123994403637636,
      "mAP_iou0.75_conf0.3": 0.2517824861249404,
      "F1_iou0.75_conf0.3": 0.34207764952780695,
      "mAP_iou0.5_conf0.5": 0.5993538885386401,
      "F1_iou0.5_conf0.5": 0.7188659839914144,
      "mAP_iou0.75_conf0.5": 0.2517824861249404,
      "F1_iou0.75_conf0.5": 0.34735947770871534,
      "mAP_iou0.5_conf0.7": 0.5639663259865133,
      "F1_iou0.5_conf0.7": 0.7172452407614782,
      "mAP_iou0.75_conf0.7": 0.2517824861249404,
      "F1_iou0.75_conf0.7": 0.35349010824934674,
      "total_unripe": 4087,
      "total_ripe": 7757,
      "detected_unripe": 2856,
      "detected_ripe": 7663,
      "detection_rate_unripe": 0.6988010765842917,
      "detection_rate_ripe": 0.9878819131107387,
      "fold": 3,
      "n_images": 134,
      "evaluation_time": 25.168697118759155
    },
    {
      "mAP_iou0.5_conf0.3": 0.6414217680313861,
      "F1_iou0.5_conf0.3": 0.723390922925432,
      "mAP_iou0.75_conf0.3": 0.2556368416264074,
      "F1_iou0.75_conf0.3": 0.3415092650613195,
      "mAP_iou0.5_conf0.5": 0.6414217680313861,
      "F1_iou0.5_conf0.5": 0.7284350883601991,
      "mAP_iou0.75_conf0.5": 0.2556368416264074,
      "F1_iou0.75_conf0.5": 0.346043198319558,
      "mAP_iou0.5_conf0.7": 0.5677023805666513,
      "F1_iou0.5_conf0.7": 0.7259942034494228,
      "mAP_iou0.75_conf0.7": 0.2556368416264074,
      "F1_iou0.75_conf0.7": 0.35235425476314913,
      "total_unripe": 3757,
      "total_ripe": 7962,
      "detected_unripe": 2741,
      "detected_ripe": 7439,
      "detection_rate_unripe": 0.7295714665956881,
      "detection_rate_ripe": 0.9343129866867621,
      "fold": 4,
      "n_images": 134,
      "evaluation_time": 25.601690769195557
    },
    {
      "mAP_iou0.5_conf0.3": 0.5963872596467492,
      "F1_iou0.5_conf0.3": 0.704484892281288,
      "mAP_iou0.75_conf0.3": 0.2312189421169153,
      "F1_iou0.75_conf0.3": 0.31380696445508327,
      "mAP_iou0.5_conf0.5": 0.5963872596467492,
      "F1_iou0.5_conf0.5": 0.7105129741438908,
      "mAP_iou0.75_conf0.5": 0.2312189421169153,
      "F1_iou0.75_conf0.5": 0.3180163156196709,
      "mAP_iou0.5_conf0.7": 0.5614177355902066,
      "F1_iou0.5_conf0.7": 0.7092219020172911,
      "mAP_iou0.75_conf0.7": 0.21740329141031334,
      "F1_iou0.75_conf0.7": 0.32247838616714697,
      "total_unripe": 3930,
      "total_ripe": 7703,
      "detected_unripe": 2792,
      "detected_ripe": 7272,
      "detection_rate_unripe": 0.7104325699745547,
      "detection_rate_ripe": 0.9440477735947034,
      "fold": 5,
      "n_images": 134,
      "evaluation_time": 27.430063486099243
    }
  ],
  "aggregated_metrics": {
    "mAP_iou0.5_conf0.3": {
      "mean": 0.607038764455605,
      "std": 0.01725843849264019,
      "min": 0.5963872596467492,
      "max": 0.6414217680313861,
      "values": [
        0.600721125351497,
        0.597309780709752,
        0.5993538885386401,
        0.6414217680313861,
        0.5963872596467492
      ]
    },
    "F1_iou0.5_conf0.3": {
      "mean": 0.7123534809340751,
      "std": 0.007020993114655406,
      "min": 0.704484892281288,
      "max": 0.723390922925432,
      "values": [
        0.7161108804944422,
        0.70538126860545,
        0.7123994403637636,
        0.723390922925432,
        0.704484892281288
      ]
    },
    "mAP_iou0.75_conf0.3": {
      "mean": 0.24080392601413858,
      "std": 0.010811893977089688,
      "min": 0.2294953980796408,
      "max": 0.2556368416264074,
      "values": [
        0.23588596212278895,
        0.2294953980796408,
        0.2517824861249404,
        0.2556368416264074,
        0.2312189421169153
      ]
    },
    "F1_iou0.75_conf0.3": {
      "mean": 0.3254178114500963,
      "std": 0.01388694546731686,
      "min": 0.30895351499885504,
      "max": 0.34207764952780695,
      "values": [
        0.3207416632074166,
        0.30895351499885504,
        0.34207764952780695,
        0.3415092650613195,
        0.31380696445508327
      ]
    },
    "mAP_iou0.5_conf0.5": {
      "mean": 0.607038764455605,
      "std": 0.01725843849264019,
      "min": 0.5963872596467492,
      "max": 0.6414217680313861,
      "values": [
        0.600721125351497,
        0.597309780709752,
        0.5993538885386401,
        0.6414217680313861,
        0.5963872596467492
      ]
    },
    "F1_iou0.5_conf0.5": {
      "mean": 0.7184788308112272,
      "std": 0.006731905390548203,
      "min": 0.7105129741438908,
      "max": 0.7284350883601991,
      "values": [
        0.7228142978402338,
        0.7117658097203978,
        0.7188659839914144,
        0.7284350883601991,
        0.7105129741438908
      ]
    },
    "mAP_iou0.75_conf0.5": {
      "mean": 0.24080392601413858,
      "std": 0.010811893977089688,
      "min": 0.2294953980796408,
      "max": 0.2556368416264074,
      "values": [
        0.23588596212278895,
        0.2294953980796408,
        0.2517824861249404,
        0.2556368416264074,
        0.2312189421169153
      ]
    },
    "F1_iou0.75_conf0.5": {
      "mean": 0.33018625309747734,
      "std": 0.014045236482870723,
      "min": 0.3136610996434603,
      "max": 0.34735947770871534,
      "values": [
        0.32585117419598225,
        0.3136610996434603,
        0.34735947770871534,
        0.346043198319558,
        0.3180163156196709
      ]
    },
    "mAP_iou0.5_conf0.7": {
      "mean": 0.5639022281593153,
      "std": 0.0022734349095453223,
      "min": 0.5614177355902066,
      "max": 0.5677023805666513,
      "values": [
        0.564673974390642,
        0.5617507242625631,
        0.5639663259865133,
        0.5677023805666513,
        0.5614177355902066
      ]
    },
    "F1_iou0.5_conf0.7": {
      "mean": 0.7170665991859047,
      "std": 0.006469727342720238,
      "min": 0.7092219020172911,
      "max": 0.7259942034494228,
      "values": [
        0.7222331433064675,
        0.7106385063948645,
        0.7172452407614782,
        0.7259942034494228,
        0.7092219020172911
      ]
    },
    "mAP_iou0.75_conf0.7": {
      "mean": 0.2353611407111363,
      "std": 0.01658087348895214,
      "min": 0.21609712227123148,
      "max": 0.2556368416264074,