{"train_loss": [2.2385518203920394, 1.5422471895146725, 1.0117420954490774, 0.8931102125502345, 0.8004141102975874, 0.7437912674982157, 0.7143153463726613, 0.6843147909463342, 0.659531497243625, 0.6520419423259906, 0.6249945016939249, 0.6040415768303088, 0.592339795472017, 0.5688065757502371, 0.5669423528571627, 0.5522388012996361, 0.538881580776243, 0.5201915531460919, 0.5120732951075283, 0.507056125954016, 0.500333647674589, 0.49250708053361125, 0.4834646520329945, 0.4804247090620781, 0.4746474623680115, 0.4569489886956428, 0.45491730566345046, 0.4543283128026706], "val_loss": [2.2385518203920385, 1.5422471895146737, 1.0117420954490772, 0.8931102125502343, 0.8004141102975877, 0.7437912674982162, 0.7143153463726613, 0.6843147909463344, 0.6595314972436247, 0.6520419423259903, 0.6249945016939252, 0.6040415768303086, 0.5923397954720169, 0.5688065757502371, 0.5669423528571627, 0.5522388012996362, 0.5388815807762429, 0.5201915531460917, 0.5120732951075284, 0.5070561259540157, 0.5003336476745889, 0.49250708053361136, 0.4834646520329945, 0.4804247090620778, 0.4746474623680115, 0.45694898869564315, 0.45491730566345023, 0.4543283128026708], "map": [0.0, 0.0, 0.03409090909090909, 0.045454545454545456, 0.045454545454545456, 0.045454545454545456, 0.10541876300204764, 0.08171053919170174, 0.1993514364650592, 0.17084820555005872, 0.19703072076820893, 0.24328376584450984, 0.21140242470274914, 0.23224847532286552, 0.29250561181443524, 0.33146576026317676, 0.33886548004908956, 0.3497693102132075, 0.3176989924549882, 0.4243769535536599, 0.43616111331662677, 0.41929167667119605, 0.38597879307373095, 0.3038182959548504, 0.4262034620476088, 0.39323495824141086, 0.3959215314178465, 0.3957938122439817], "f1_score": [0, 0, 0.06247307195174494, 0.04610455575525514, 0.07253316586859251, 0.09072673970066347, 0.23924200552704303, 0.1832304900181488, 0.3447723492083051, 0.3427525454753461, 0.304221802142407, 0.4173854055625545, 0.3688025514641925, 0.3532823297137216, 0.45690761334473917, 0.4944694176473559, 0.4892003556299357, 0.5209374195209889, 0.4499571421368426, 0.5113737813805664, 0.5646891235126529, 0.5452149143318736, 0.5284334053910972, 0.4819277108433735, 0.5535995908102809, 0.5421386398425542, 0.5439228798471493, 0.5486687413554633], "learning_rate": [0.001, 0.001, 0.001, 0.001, 0.001, 0.001, 0.001, 0.001, 0.001, 0.001, 0.001, 0.001, 0.001, 0.001, 0.001, 0.001, 0.001, 0.001, 0.001, 0.001, 0.001, 0.001, 0.001, 0.001, 0.001, 0.0001, 0.0001, 0.0001]}